,8406,2019-07-23
,8407,2019-07-23
,8408,2019-07-23
,8409,2019-07-23
,8410,2019-07-23
,8411,2019-07-23
,8412,2019-07-23
,8413,2019-07-23
,8414,2019-06-26
,8415,2019-07-23
,8416,2019-07-23
,8417,2019-07-23
,8418,2019-07-23
,8419,2019-07-23
,8420,2019-07-23
,8421,2019-07-23
,8422,2019-07-23
,8423,2019-07-23
,8424,2019-07-23
,8425,2019-07-23
,8426,2019-07-22
,8427,2019-07-22
,8428,2019-07-22
,8429,2019-07-24
,8430,2019-07-22
,8431,2019-07-22
,8432,2019-07-22
,8433,2019-07-22
,8434,2019-07-24
,8435,2019-07-24
,8436,2019-07-24
,8437,2019-07-24
,8438,2019-07-24
,8439,2019-07-22
,8440,2019-07-24
,8441,2019-07-24
,8442,2019-07-24
,8443,2019-07-24
,8444,2019-07-24
,8445,2019-07-24
,8446,2019-07-24
