1,103,2004-05-30
2,104,2006-01-06
3,105,2003-10-26
4,106,2003-11-15
5,107,2003-08-02
6,108,2003-09-01
7,109,2002-04-05
8,110,2003-02-12
9,111,2003-06-29
10,112,2002-09-26
11,113,2006-03-26
12,114,2003-03-11
13,115,2009-10-16
14,116,2008-02-09
15,117,2008-02-22
16,118,2009-12-18
17,119,2010-11-30
18,120,2008-03-19
19,121,2008-09-03
20,122,2008-12-05
21,123,2007-06-07
22,124,2009-03-03
23,125,1997-02-11
24,126,2010-03-16
25,127,2009-06-03
26,128,2003-08-06
27,129,2005-10-14
28,130,2003-03-15
29,131,2003-03-15
30,132,2001-02-01
31,133,2004-08-01
32,134,2006-01-23
33,135,2006-11-12
34,136,2003-12-16
35,137,2007-07-15
36,138,2004-05-14
37,139,2005-11-29
38,140,2006-08-03
39,141,2008-04-29
40,142,2003-11-22
41,143,2003-12-12
42,144,2003-12-12
43,145,2004-10-13
44,146,2019-02-19
45,147,2008-08-09
46,148,2019-06-25
47,149,2019-06-25
48,150,2019-06-25
49,151,2019-06-25
50,152,2019-06-25
51,153,2019-06-25
52,154,2019-06-25
53,155,2019-06-25
54,156,2019-06-25
55,157,2019-06-25
56,158,2019-06-25
57,159,2019-06-25
58,160,2019-06-25
59,161,2019-06-25
60,162,2019-06-25
61,163,2019-06-25
62,164,2019-06-25
63,165,2019-06-25
64,166,2009-04-24
65,167,2019-02-06
66,168,2019-04-29
67,169,2009-05-13
68,170,2019-01-21
69,171,2019-05-20
70,172,2019-06-19
71,173,2019-05-27
72,174,2019-05-06
73,175,2019-05-27
74,176,2019-06-03
75,177,2009-05-20
76,178,2019-06-19
77,179,2019-04-08
78,180,2019-04-29
79,181,2019-04-24
80,182,2019-05-06
81,183,2019-05-06
82,184,2019-05-13
83,185,2010-05-13
84,186,2019-05-27
85,187,2019-05-27
86,188,2019-03-10
87,189,2019-06-10
88,190,2019-03-26
89,191,2019-05-29
90,192,2019-04-29
91,193,2019-06-12
92,194,2019-03-04
93,195,2019-06-12
94,196,2019-05-03
95,197,2019-03-25
96,198,2019-06-24
