1,1,'2019-07-23 18:33:51'
2,2,'2019-07-23 18:29:05'
3,3,'2019-08-27 16:20:50'
4,4,'2019-08-27 17:25:41'
5,5,'2019-08-21 00:54:47'
6,6,'2019-08-21 00:57:42'
7,7,'2019-08-22 18:10:24'
8,8,'2019-08-22 19:51:52'
9,9,'2019-09-09 19:58:31'
10,10,'2019-08-21 00:48:23'
11,11,'2019-08-21 00:44:59'
12,12,'2019-08-22 18:55:39'
13,13,'2019-08-21 00:51:12'
14,14,'2019-08-22 18:21:18'
15,15,'2019-08-22 18:35:57'
16,16,'2019-07-23 18:38:05'
17,17,'2019-07-23 18:51:42'
18,18,'2019-08-21 01:02:24'
19,19,'2019-06-14 14:41:42'
20,20,'2019-06-14 14:47:31'
21,21,'2019-06-14 14:52:16'
22,22,'2019-06-14 14:56:23'
23,23,'2019-06-14 15:00:21'
24,24,'2019-06-14 15:04:29'
25,25,'2019-06-20 19:19:06'
26,26,'2019-06-14 15:07:55'
27,27,'2019-06-14 15:13:03'
28,28,'2019-06-14 15:18:17'
29,29,'2019-06-14 15:21:50'
30,30,'2019-06-14 15:26:20'
31,31,'2019-06-21 17:33:11'
32,32,'2019-06-14 15:31:40'
33,33,'2019-06-14 15:37:17'
34,34,'2019-06-14 16:01:30'
35,35,'2019-06-14 18:17:45'
36,36,'2019-06-14 15:47:30'
37,37,'2019-06-14 15:41:14'
38,38,'2019-06-14 15:56:27'
39,39,'2019-06-14 15:44:20'
40,40,'2019-06-14 18:22:49'
41,41,'2019-07-30 18:14:37'
42,42,'2019-06-14 15:52:34'
43,43,'2019-07-09 19:46:59'
44,44,'2019-07-09 19:50:36'
45,45,'2019-06-14 18:29:07'
46,46,'2019-06-20 19:25:36'
47,47,'2019-06-14 18:33:27'
48,48,'2019-06-14 18:36:17'
49,49,'2019-07-09 19:55:08'
50,50,'2019-07-01 18:56:37'
51,51,'2019-07-01 18:50:59'